state_code,default_rate_90,z_score,is_outlier
AC,97.44863936481788,4.652079542259007,True
AC,54.1002832964952,2.383479281927553,True
AC,65.45659898481874,2.9778026441868093,True
AC,75.97128992982219,3.528080273574719,True
AC,73.69965417263423,3.4091961003891806,True
AC,67.76196771447577,3.098452204507317,True
AC,81.74265593584349,3.8301199265454535,True
AC,100.0,4.785602884921666,True
AC,100.0,4.785602884921666,True
AC,100.0,4.785602884921666,True
AC,100.0,4.785602884921666,True
AC,100.0,4.785602884921666,True
AC,79.01684984144715,3.687467125465427,True
AC,100.0,4.785602884921666,True
AC,100.0,4.785602884921666,True
AC,100.0,4.785602884921666,True
AC,100.0,4.785602884921666,True
AC,100.0,4.785602884921666,True
AL,83.29341642316139,4.728244241493215,True
AL,63.934472910514316,3.487172555423074,True
AL,100.0,5.799277267372617,True
AL,100.0,5.799277267372617,True
AL,100.0,5.799277267372617,True
AL,60.70892071328004,3.280387433016287,True
AL,51.96483234434708,2.7198175605907404,True
AL,100.0,5.799277267372617,True
AL,51.41995150832419,2.6848860997169353,True
AL,60.064951187295776,3.2391035507182186,True
AL,44.726703241697514,2.2557923887857765,True
AL,45.68463638323291,2.3172039889762064,True
AL,49.89348869184158,2.5870269484601627,True
AL,100.0,5.799277267372617,True
AL,70.56030976899575,3.9119446260791566,True
AL,42.51824668224262,2.1142116819633836,True
AL,54.09944785713372,2.856664433036795,True
AL,78.93657869649708,4.448934167581752,True
AM,100.0,4.78372067491684,True
AM,100.0,4.78372067491684,True
AM,91.6098883548261,4.336560489364502,True
AM,100.0,4.78372067491684,True
AM,100.0,4.78372067491684,True
AM,59.29532659482019,2.6143205426579,True
AM,100.0,4.78372067491684,True
AM,100.0,4.78372067491684,True
AM,66.24469471370857,2.984694724663106,True
AM,53.0870069857359,2.2834413522763035,True
AM,100.0,4.78372067491684,True
AM,65.3947378505902,2.939395343117676,True
AM,100.0,4.78372067491684,True
AM,70.19345117186057,3.1951480231652676,True
AM,95.9728347311957,4.569088493009667,True
AM,97.2719363866309,4.638325537981517,True
AM,91.47743790739786,4.329501397763192,True
AM,55.33514690729697,2.403258430640346,True
AM,75.71856350128701,3.4896149336079865,True
AM,48.91502598161744,2.061091057212527,True
AM,53.09005289802927,2.2836036875066177,True
AP,100.0,3.9203733527521902,True
AP,72.90587370826856,2.705576620996739,True
AP,61.9839824416652,2.215880896085792,True
AP,68.77524757180677,2.5203751837313946,True
AP,100.0,3.9203733527521902,True
AP,100.0,3.9203733527521902,True
AP,61.56977269459279,2.1973093192950555,True
AP,100.0,3.9203733527521902,True
AP,74.62653117464482,2.7827243040081084,True
AP,100.0,3.9203733527521902,True
AP,62.72502337152615,2.249106329893814,True
AP,100.0,3.9203733527521902,True
AP,100.0,3.9203733527521902,True
AP,58.152090611281245,2.04407355962219,True
AP,100.0,3.9203733527521902,True
AP,100.0,3.9203733527521902,True
AP,82.22091988452604,3.1232275734292623,True
AP,100.0,3.9203733527521902,True
AP,100.0,3.9203733527521902,True
AP,100.0,3.9203733527521902,True
AP,78.37807397441614,2.950929098033657,True
AP,62.925609557114704,2.2580998453172154,True
AP,100.0,3.9203733527521902,True
AP,65.45932990509665,2.3717021502880193,True
BA,100.0,3.6449680515415106,True
BA,100.0,3.6449680515415106,True
BA,61.206764890439835,2.025618865824166,True
BA,100.0,3.6449680515415106,True
BA,100.0,3.6449680515415106,True
BA,100.0,3.6449680515415106,True
BA,100.0,3.6449680515415106,True
BA,100.0,3.6449680515415106,True
BA,100.0,3.6449680515415106,True
BA,100.0,3.6449680515415106,True
BA,100.0,3.6449680515415106,True
BA,100.0,3.6449680515415106,True
BA,100.0,3.6449680515415106,True
BA,100.0,3.6449680515415106,True
BA,100.0,3.6449680515415106,True
BA,100.0,3.6449680515415106,True
BA,100.0,3.6449680515415106,True
BA,100.0,3.6449680515415106,True
BA,100.0,3.6449680515415106,True
BA,96.34746507295613,3.492499987374956,True
BA,100.0,3.6449680515415106,True
BA,100.0,3.6449680515415106,True
BA,100.0,3.6449680515415106,True
BA,92.61835802994113,3.3368355671092957,True
BA,100.0,3.6449680515415106,True
BA,90.17961237388126,3.235034807745995,True
BA,100.0,3.6449680515415106,True
BA,100.0,3.6449680515415106,True
BA,100.0,3.6449680515415106,True
BA,100.0,3.6449680515415106,True
BA,100.0,3.6449680515415106,True
BA,76.99583270581407,2.684703214882779,True
BA,100.0,3.6449680515415106,True
BA,100.0,3.6449680515415106,True
BA,100.0,3.6449680515415106,True
BA,100.0,3.6449680515415106,True
BA,62.8825490392457,2.0955712605946153,True
BA,100.0,3.6449680515415106,True
BA,76.19654472426745,2.651338471302726,True
BA,71.6526107051643,2.4616606619370756,True
BA,100.0,3.6449680515415106,True
BA,100.0,3.6449680515415106,True
CE,76.27577167491816,2.548100884065525,True
CE,100.0,3.5017051651196764,True
CE,100.0,3.5017051651196764,True
CE,100.0,3.5017051651196764,True
CE,100.0,3.5017051651196764,True
CE,100.0,3.5017051651196764,True
CE,100.0,3.5017051651196764,True
CE,100.0,3.5017051651196764,True
CE,100.0,3.5017051651196764,True
CE,100.0,3.5017051651196764,True
CE,100.0,3.5017051651196764,True
CE,100.0,3.5017051651196764,True
CE,100.0,3.5017051651196764,True
CE,100.0,3.5017051651196764,True
CE,100.0,3.5017051651196764,True
CE,100.0,3.5017051651196764,True
CE,100.0,3.5017051651196764,True
CE,97.23827684992136,3.390696664319798,True
CE,69.33684702254641,2.2691881976866703,True
CE,99.78529599061021,3.4930750567044266,True
CE,62.84198563884197,2.008124801419914,True
CE,88.44350373869894,3.0371874510867176,True
CE,100.0,3.5017051651196764,True
CE,98.2549063810995,3.431560470716089,True
CE,100.0,3.5017051651196764,True
CE,100.0,3.5017051651196764,True
CE,86.87549423703057,2.9741607193829207,True
CE,100.0,3.5017051651196764,True
CE,100.0,3.5017051651196764,True
CE,100.0,3.5017051651196764,True
CE,100.0,3.5017051651196764,True
CE,100.0,3.5017051651196764,True
CE,100.0,3.5017051651196764,True
CE,100.0,3.5017051651196764,True
CE,71.50223147938198,2.3562266404074155,True
CE,100.0,3.5017051651196764,True
DF,100.0,5.23036676921909,True
DF,100.0,5.23036676921909,True
DF,100.0,5.23036676921909,True
DF,100.0,5.23036676921909,True
DF,70.4937454046095,3.540459681976351,True
DF,54.061803277092466,2.59935564016443,True
DF,100.0,5.23036676921909,True
DF,100.0,5.23036676921909,True
DF,47.19729083856713,2.206205496935403,True
DF,100.0,5.23036676921909,True
DF,100.0,5.23036676921909,True
DF,100.0,5.23036676921909,True
DF,66.11239576632121,3.2895273319725504,True
DF,54.13705583337563,2.603665568006506,True
DF,65.42761684876294,3.250308096530959,True
DF,100.0,5.23036676921909,True
DF,44.77886748738489,2.0676955160124213,True
DF,100.0,5.23036676921909,True
DF,53.432711072881965,2.5633257411141264,True
DF,84.15818206402918,4.3230608175857554,True
DF,51.10578757209219,2.4300562167580724,True
DF,58.828192621406686,2.872340308803912,True
DF,50.802538444770725,2.4126882770961955,True
DF,56.06734831409271,2.7142189062172037,True
DF,74.33815876620304,3.7606401648988608,True
ES,84.78354132204262,4.889452777655531,True
ES,100.0,5.838320643667176,True
ES,100.0,5.838320643667176,True
ES,100.0,5.838320643667176,True
ES,100.0,5.838320643667176,True
ES,100.0,5.838320643667176,True
ES,100.0,5.838320643667176,True
ES,41.696949825213366,2.202659286964048,True
ES,100.0,5.838320643667176,True
ES,100.0,5.838320643667176,True
ES,100.0,5.838320643667176,True
ES,99.43769455683662,5.803256403215876,True
ES,100.0,5.838320643667176,True
ES,47.18039800583537,2.54459612546573,True
ES,100.0,5.838320643667176,True
ES,40.47886639594391,2.1267020456231736,True
ES,100.0,5.838320643667176,True
ES,51.47447941144648,2.812366435631581,True
ES,85.7873986482222,4.952051308564172,True
ES,68.95990870736154,3.902722761860542,True
ES,40.43839232987113,2.1241781639818473,True
GO,100.0,4.5901467977222765,True
GO,100.0,4.5901467977222765,True
GO,92.64724105956303,4.217351715763785,True
GO,100.0,4.5901467977222765,True
GO,100.0,4.5901467977222765,True
GO,52.1027120023415,2.161687827514914,True
GO,100.0,4.5901467977222765,True
GO,100.0,4.5901467977222765,True
GO,63.382129310088686,2.7335699378558984,True
GO,100.0,4.5901467977222765,True
GO,100.0,4.5901467977222765,True
GO,100.0,4.5901467977222765,True
GO,100.0,4.5901467977222765,True
GO,100.0,4.5901467977222765,True
GO,100.0,4.5901467977222765,True
GO,100.0,4.5901467977222765,True
GO,100.0,4.5901467977222765,True
GO,100.0,4.5901467977222765,True
GO,74.03938698471875,3.273907691405365,True
GO,100.0,4.5901467977222765,True
GO,100.0,4.5901467977222765,True
GO,100.0,4.5901467977222765,True
GO,100.0,4.5901467977222765,True
GO,100.0,4.5901467977222765,True
GO,58.92896312670265,2.5077882325452223,True
GO,56.1224962469572,2.365496467110802,True
GO,63.06691040744384,2.717587902051612,True
GO,64.06420493922114,2.7681521187928966,True
GO,69.09075566878195,3.0230052163002346,True
GO,53.100393296037915,2.2122716536222207,True
GO,67.72878693593731,2.9539515114938117,True
GO,100.0,4.5901467977222765,True
GO,52.824338160011706,2.198275275134415,True
GO,100.0,4.5901467977222765,True
GO,76.29750747651043,3.388397534011248,True
GO,76.9635511615949,3.4221668731369292,True
GO,100.0,4.5901467977222765,True
GO,100.0,4.5901467977222765,True
MA,100.0,3.9498624976173136,True
MA,100.0,3.9498624976173136,True
MA,96.85463494417529,3.808321271416134,True
MA,100.0,3.9498624976173136,True
MA,100.0,3.9498624976173136,True
MA,100.0,3.9498624976173136,True
MA,100.0,3.9498624976173136,True
MA,100.0,3.9498624976173136,True
MA,100.0,3.9498624976173136,True
MA,100.0,3.9498624976173136,True
MA,100.0,3.9498624976173136,True
MA,100.0,3.9498624976173136,True
MA,100.0,3.9498624976173136,True
MA,100.0,3.9498624976173136,True
MA,73.60475022007634,2.7620779468802508,True
MA,100.0,3.9498624976173136,True
MA,75.75532291071237,2.858853580317045,True
MA,100.0,3.9498624976173136,True
MA,100.0,3.9498624976173136,True
MA,100.0,3.9498624976173136,True
MA,80.89798065541216,3.0902728496860647,True
MA,63.19147141971631,2.2934810673389507,True
MA,57.16680744538872,2.022371574087201,True
MA,57.953461207222205,2.057770943021974,True
MA,100.0,3.9498624976173136,True
MA,58.785221927638666,2.0952001222060272,True
MA,100.0,3.9498624976173136,True
MA,72.31988587054119,2.704259133385579,True
MA,78.90315344207724,3.0005057527597354,True
MG,100.0,4.961662144565444,True
MG,100.0,4.961662144565444,True
MG,100.0,4.961662144565444,True
MG,100.0,4.961662144565444,True
MG,100.0,4.961662144565444,True
MG,100.0,4.961662144565444,True
MG,56.20066767828007,2.5969604968570597,True
MG,100.0,4.961662144565444,True
MG,100.0,4.961662144565444,True
MG,100.0,4.961662144565444,True
MG,100.0,4.961662144565444,True
MG,98.98696993837504,4.906969213670815,True
MG,100.0,4.961662144565444,True
MG,100.0,4.961662144565444,True
MG,100.0,4.961662144565444,True
MG,100.0,4.961662144565444,True
MG,100.0,4.961662144565444,True
MG,45.70040481830438,2.0300571316648335,True
MG,100.0,4.961662144565444,True
MG,94.88937722554638,4.685742456867978,True
MG,100.0,4.961662144565444,True
MG,50.1479691651173,2.2701786627864884,True
MG,100.0,4.961662144565444,True
MG,51.67741119104841,2.352752389075924,True
MG,100.0,4.961662144565444,True
MG,64.67360654804713,3.0544097647842516,True
MG,100.0,4.961662144565444,True
MG,100.0,4.961662144565444,True
MG,72.80258265760466,3.4932886741533875,True
MG,100.0,4.961662144565444,True
MG,83.4249297762241,4.066783300724979,True
MG,69.72918391490842,3.327357581470619,True
MG,45.839615788678,2.0375730547068462,True
MG,59.29788188696177,2.7641773733331307,True
MG,48.10862121065115,2.160075398363314,True
MG,100.0,4.961662144565444,True
MG,59.55958343018435,2.778306494432983,True
MG,100.0,4.961662144565444,True
MG,100.0,4.961662144565444,True
MG,85.2245661573501,4.163944670319973,True
MG,54.95775686041115,2.529856431494134,True
MG,54.68167903737871,2.5149511430247746,True
MS,100.0,4.122028764415562,True
MS,100.0,4.122028764415562,True
MS,100.0,4.122028764415562,True
MS,84.76448148898562,3.421654596174891,True
MS,100.0,4.122028764415562,True
MS,100.0,4.122028764415562,True
MS,100.0,4.122028764415562,True
MS,88.39077847618661,3.588354845619532,True
MS,100.0,4.122028764415562,True
MS,100.0,4.122028764415562,True
MS,100.0,4.122028764415562,True
MS,100.0,4.122028764415562,True
MS,100.0,4.122028764415562,True
MS,100.0,4.122028764415562,True
MS,100.0,4.122028764415562,True
MS,100.0,4.122028764415562,True
MS,100.0,4.122028764415562,True
MS,100.0,4.122028764415562,True
MS,59.13372735125476,2.2434132322451505,True
MS,60.040096997694,2.285078889162869,True
MS,100.0,4.122028764415562,True
MS,100.0,4.122028764415562,True
MS,60.41115934012916,2.3021365612900486,True
MS,100.0,4.122028764415562,True
MS,100.0,4.122028764415562,True
MS,59.613188853898535,2.265453995142376,True
MS,83.90870492298369,3.382314694472159,True
MS,99.78260523585656,4.112035164459856,True
MS,79.13190513769997,3.162726029074807,True
MS,57.21454841770651,2.1551889064161913,True
MS,100.0,4.122028764415562,True
MS,83.89154113428661,3.381525678054773,True
MS,100.0,4.122028764415562,True
MS,99.48431629673131,4.098322873179175,True
MS,90.00295157031518,3.662466165758981,True
MS,73.6140904603111,2.9090730364058297,True
MT,100.0,4.821098057032248,True
MT,100.0,4.821098057032248,True
MT,100.0,4.821098057032248,True
MT,100.0,4.821098057032248,True
MT,100.0,4.821098057032248,True
MT,100.0,4.821098057032248,True
MT,100.0,4.821098057032248,True
MT,100.0,4.821098057032248,True
MT,100.0,4.821098057032248,True
MT,100.0,4.821098057032248,True
MT,100.0,4.821098057032248,True
MT,100.0,4.821098057032248,True
MT,100.0,4.821098057032248,True
MT,100.0,4.821098057032248,True
MT,100.0,4.821098057032248,True
MT,100.0,4.821098057032248,True
MT,100.0,4.821098057032248,True
MT,48.80872172088955,2.1269829233010333,True
MT,100.0,4.821098057032248,True
MT,100.0,4.821098057032248,True
MT,100.0,4.821098057032248,True
MT,100.0,4.821098057032248,True
MT,100.0,4.821098057032248,True
MT,100.0,4.821098057032248,True
MT,47.01430620429295,2.0325457034858414,True
MT,57.90481154214696,2.6056955882127073,True
MT,52.73930215558069,2.3338430875601164,True
MT,53.62350171300364,2.3803770966525146,True
MT,57.35921104767616,2.5769815064679498,True
MT,100.0,4.821098057032248,True
MT,49.761477444972435,2.177124933840516,True
MT,100.0,4.821098057032248,True
MT,100.0,4.821098057032248,True
PA,54.99810452345946,2.299851216254823,True
PA,100.0,4.645231417091169,True
PA,100.0,4.645231417091169,True
PA,100.0,4.645231417091169,True
PA,100.0,4.645231417091169,True
PA,100.0,4.645231417091169,True
PA,67.22387377708633,2.937026091753078,True
PA,73.06934694987093,3.2416767492151837,True
PA,100.0,4.645231417091169,True
PA,79.06427090655271,3.5541163876933135,True
PA,100.0,4.645231417091169,True
PA,100.0,4.645231417091169,True
PA,53.56791226085924,2.225313364447213,True
PA,100.0,4.645231417091169,True
PA,100.0,4.645231417091169,True
PA,100.0,4.645231417091169,True
PA,100.0,4.645231417091169,True
PA,66.81196952786564,2.9155587277557955,True
PA,66.5543165465103,2.9021305333484664,True
PA,61.13634217560578,2.6197599868726527,True
PA,100.0,4.645231417091169,True
PA,60.364552942576076,2.579536365907394,True
PA,64.61739552196019,2.801183313826755,True
PA,95.70435607072272,4.421353775607782,True
PA,60.85784801188505,2.605245604962238,True
PA,80.39968559993495,3.6237146823561996,True
PA,83.2490865732758,3.772217952192939,True
PA,51.63962666303321,2.1248162006098226,True
PA,51.7210108538371,2.1290577301665508,True
PA,76.81915446849153,3.437106835392436,True
PA,52.612940705131926,2.175542763554806,True
PA,64.49365445936132,2.794734255733166,True
PA,49.353352812910515,2.005661632452511,True
PB,100.0,4.022367068909994,True
PB,100.0,4.022367068909994,True
PB,100.0,4.022367068909994,True
PB,100.0,4.022367068909994,True
PB,100.0,4.022367068909994,True
PB,100.0,4.022367068909994,True
PB,100.0,4.022367068909994,True
PB,100.0,4.022367068909994,True
PB,100.0,4.022367068909994,True
PB,100.0,4.022367068909994,True
PB,100.0,4.022367068909994,True
PB,88.7056323060574,3.5112145605695444,True
PB,100.0,4.022367068909994,True
PB,100.0,4.022367068909994,True
PB,69.43189903011583,2.6389375658719088,True
PB,100.0,4.022367068909994,True
PB,100.0,4.022367068909994,True
PB,84.63674557485531,3.3270677614598814,True
PB,100.0,4.022367068909994,True
PB,100.0,4.022367068909994,True
PB,100.0,4.022367068909994,True
PB,66.57942765899216,2.5098424331624285,True
PB,73.30571277588919,2.8142558897173187,True
PB,85.06214710947582,3.3463202833686347,True
PB,57.144356597762844,2.082836657362842,True
PB,73.70612037438315,2.83237725373476,True
PB,79.70096948573267,3.1036878966521373,True
PB,63.95426007047414,2.3910344543497057,True
PE,100.0,3.973240572256848,True
PE,77.14987658290407,2.944351182679064,True
PE,100.0,3.973240572256848,True
PE,100.0,3.973240572256848,True
PE,75.97620264826888,2.891503299272593,True
PE,100.0,3.973240572256848,True
PE,100.0,3.973240572256848,True
PE,100.0,3.973240572256848,True
PE,100.0,3.973240572256848,True
PE,64.87393310917051,2.391593205987736,True
PE,100.0,3.973240572256848,True
PE,100.0,3.973240572256848,True
PE,100.0,3.973240572256848,True
PE,100.0,3.973240572256848,True
PE,100.0,3.973240572256848,True
PE,100.0,3.973240572256848,True
PE,100.0,3.973240572256848,True
PE,100.0,3.973240572256848,True
PE,100.0,3.973240572256848,True
PE,100.0,3.973240572256848,True
PE,89.64520822161377,3.5069877123664788,True
PE,100.0,3.973240572256848,True
PE,65.12207530883252,2.4027664881481168,True
PE,64.56817269007958,2.3778255056907587,True
PE,95.93322950560164,3.790123092532257,True
PE,62.70088649505087,2.2937458305703746,True
PE,100.0,3.973240572256848,True
PE,73.46378913686007,2.778374999834773,True
PE,100.0,3.973240572256848,True
PE,73.83411694554188,2.7950500236875206,True
PE,100.0,3.973240572256848,True
PI,91.6594163079647,4.774474035947501,True
PI,100.0,5.2594926469048655,True
PI,100.0,5.2594926469048655,True
PI,100.0,5.2594926469048655,True
PI,47.847532435368336,2.226741186074654,True
PI,100.0,5.2594926469048655,True
PI,100.0,5.2594926469048655,True
PI,100.0,5.2594926469048655,True
PI,100.0,5.2594926469048655,True
PI,100.0,5.2594926469048655,True
PI,100.0,5.2594926469048655,True
PI,46.458542305864,2.145969133647555,True
PI,73.5132114821301,3.719242485764899,True
PI,56.70859242953055,2.742026347002003,True
PI,48.164026988416744,2.2451458630328984,True
PI,50.483272193286886,2.3800137726745016,True
PR,100.0,5.2432323162134145,True
PR,65.37766719685322,3.27169898973854,True
PR,100.0,5.2432323162134145,True
PR,100.0,5.2432323162134145,True
PR,100.0,5.2432323162134145,True
PR,64.45438444763573,3.2191235980053694,True
PR,45.17262249176673,2.121143386640294,True
PR,100.0,5.2432323162134145,True
PR,100.0,5.2432323162134145,True
PR,100.0,5.2432323162134145,True
PR,43.58972359153543,2.0310068279055,True
PR,100.0,5.2432323162134145,True
PR,100.0,5.2432323162134145,True
PR,100.0,5.2432323162134145,True
PR,100.0,5.2432323162134145,True
PR,100.0,5.2432323162134145,True
PR,43.5278906024525,2.0274858115908083,True
PR,46.76699448920494,2.2119332691597657,True
PR,100.0,5.2432323162134145,True
PR,100.0,5.2432323162134145,True
PR,100.0,5.2432323162134145,True
PR,100.0,5.2432323162134145,True
PR,100.0,5.2432323162134145,True
PR,57.80926081002728,2.840723829723428,True
PR,100.0,5.2432323162134145,True
PR,100.0,5.2432323162134145,True
PR,62.03187309622261,3.081176167073143,True
PR,63.05662868335335,3.139529825765256,True
PR,65.56326378250697,3.2822675974628304,True
PR,100.0,5.2432323162134145,True
PR,94.96660988962591,4.95661106500617,True
PR,64.04773705347641,3.1959674781024265,True
PR,100.0,5.2432323162134145,True
PR,67.5853806650913,3.3974149749289766,True
PR,61.56379023670298,3.054521667437268,True
PR,43.70254976770022,2.0374315990979075,True
RJ,100.0,3.0696335377254247,True
RJ,83.23196914731825,2.4650944476698524,True
RJ,100.0,3.0696335377254247,True
RJ,100.0,3.0696335377254247,True
RJ,100.0,3.0696335377254247,True
RJ,100.0,3.0696335377254247,True
RJ,100.0,3.0696335377254247,True
RJ,100.0,3.0696335377254247,True
RJ,100.0,3.0696335377254247,True
RJ,100.0,3.0696335377254247,True
RJ,72.82479869528751,2.089883940819092,True
RJ,100.0,3.0696335377254247,True
RJ,100.0,3.0696335377254247,True
RJ,100.0,3.0696335377254247,True
RJ,100.0,3.0696335377254247,True
RJ,100.0,3.0696335377254247,True
RJ,100.0,3.0696335377254247,True
RJ,100.0,3.0696335377254247,True
RJ,100.0,3.0696335377254247,True
RJ,100.0,3.0696335377254247,True
RJ,100.0,3.0696335377254247,True
RJ,100.0,3.0696335377254247,True
RJ,100.0,3.0696335377254247,True
RJ,100.0,3.0696335377254247,True
RJ,100.0,3.0696335377254247,True
RJ,100.0,3.0696335377254247,True
RJ,100.0,3.0696335377254247,True
RJ,100.0,3.0696335377254247,True
RJ,100.0,3.0696335377254247,True
RJ,100.0,3.0696335377254247,True
RJ,100.0,3.0696335377254247,True
RJ,100.0,3.0696335377254247,True
RJ,100.0,3.0696335377254247,True
RJ,100.0,3.0696335377254247,True
RJ,99.90904344631159,3.066354274186105,True
RJ,100.0,3.0696335377254247,True
RJ,100.0,3.0696335377254247,True
RJ,99.99399840866359,3.0694171618970834,True
RJ,92.04899310421814,2.7829752821418356,True
RJ,100.0,3.0696335377254247,True
RJ,87.76042148003576,2.628359083609095,True
RJ,100.0,3.0696335377254247,True
RJ,100.0,3.0696335377254247,True
RJ,99.04052901316716,3.0350416573543386,True
RJ,100.0,3.0696335377254247,True
RJ,100.0,3.0696335377254247,True
RJ,100.0,3.0696335377254247,True
RJ,100.0,3.0696335377254247,True
RJ,100.0,3.0696335377254247,True
RJ,100.0,3.0696335377254247,True
RJ,100.0,3.0696335377254247,True
RJ,78.21149854152634,2.2840910395570395,True
RJ,100.0,3.0696335377254247,True
RJ,100.0,3.0696335377254247,True
RJ,100.0,3.0696335377254247,True
RJ,100.0,3.0696335377254247,True
RJ,100.0,3.0696335377254247,True
RJ,100.0,3.0696335377254247,True
RJ,100.0,3.0696335377254247,True
RJ,100.0,3.0696335377254247,True
RN,66.71687416731992,2.778108701042179,True
RN,100.0,4.416831184068709,True
RN,100.0,4.416831184068709,True
RN,100.0,4.416831184068709,True
RN,85.8769860396421,3.721472802729067,True
RN,100.0,4.416831184068709,True
RN,100.0,4.416831184068709,True
RN,100.0,4.416831184068709,True
RN,100.0,4.416831184068709,True
RN,100.0,4.416831184068709,True
RN,100.0,4.416831184068709,True
RN,100.0,4.416831184068709,True
RN,65.11796498268552,2.6993850726681483,True
RN,65.87707905498354,2.7367606876782973,True
RN,100.0,4.416831184068709,True
RN,93.96232281154532,4.119561107822977,True
RN,57.6799995638687,2.3331706365282274,True
RN,89.10287642957753,3.8803022088474024,True
RN,77.93990502364065,3.3306839935315358,True
RN,86.4117638254647,3.7478030334128136,True
RN,51.358253098978366,2.0219141723340686,True
RN,72.86352796534693,3.080744331627006,True
RN,70.21782821542666,2.9504810959763748,True
RN,51.65808031612558,2.0366764156471646,True
RN,100.0,4.416831184068709,True
RO,41.88144898808348,2.176834438746448,True
RO,63.606242402824066,3.5416967705504083,True
RO,42.90392850771306,2.241071817429024,True
RO,90.37769753774857,5.223616132621106,True
RO,100.0,5.828138252819517,True
RO,85.14507116343619,4.894875854250629,True
RO,42.120754341395674,2.1918688216425006,True
RO,40.48449975468383,2.089070962624465,True
RO,63.9468393765758,3.5630948096905524,True
RO,39.26079399549715,2.0121915251982743,True
RO,100.0,5.828138252819517,True
RO,45.03833852503678,2.3751663414898854,True
RO,44.81169675398027,2.3609275494230078,True
RO,100.0,5.828138252819517,True
RO,47.637161930123945,2.538437683357158,True
RO,70.47589554682916,3.973283420412375,True
RO,100.0,5.828138252819517,True
RO,49.8948511284735,2.6802772343679027,True
RO,76.98813123818537,4.382415282855337,True
RO,100.0,5.828138252819517,True
RO,69.79398707679668,3.9304424521823202,True
RO,100.0,5.828138252819517,True
RO,56.110647392072124,3.07078525994007,True
RO,88.16744707067724,5.084756924675271,True
RO,82.45665952676211,4.725976122721298,True
RO,81.57124611239155,4.670349935890525,True
RO,46.87139992153099,2.490328608131342,True
RO,100.0,5.828138252819517,True
RO,53.118703149785475,2.8828160619276266,True
RO,53.33377548990097,2.896328003331746,True
RR,84.50543887612643,4.661430265829037,True
RR,42.10193574744919,2.0722918224231566,True
RR,50.62116343719181,2.592471955953755,True
RR,100.0,5.607521058087001,True
RR,100.0,5.607521058087001,True
RR,100.0,5.607521058087001,True
RR,61.03972439466423,3.2286245072677606,True
RR,78.11959131886877,4.271513344247066,True
RR,44.22327363972127,2.201819740710189,True
RR,41.87674110734482,2.0585415410331067,True
RR,42.29790609952229,2.0842576821961214,True
RR,100.0,5.607521058087001,True
RR,100.0,5.607521058087001,True
RR,79.19231210802123,4.337013183394952,True
RR,85.39847042660168,4.715958362517023,True
RR,61.515906240616104,3.2576999522767403,True
RR,61.766741858740595,3.2730158600188624,True
RR,49.92732168131701,2.550106296722154,True
RR,43.64055413949486,2.1662391554179776,True
RS,100.0,4.559449707454823,True
RS,49.62231572422475,2.032790150167291,True
RS,100.0,4.559449707454823,True
RS,100.0,4.559449707454823,True
RS,100.0,4.559449707454823,True
RS,100.0,4.559449707454823,True
RS,100.0,4.559449707454823,True
RS,100.0,4.559449707454823,True
RS,100.0,4.559449707454823,True
RS,60.92691888234525,2.599765072127783,True
RS,100.0,4.559449707454823,True
RS,100.0,4.559449707454823,True
RS,100.0,4.559449707454823,True
RS,100.0,4.559449707454823,True
RS,100.0,4.559449707454823,True
RS,100.0,4.559449707454823,True
RS,76.35905788995898,3.3737538346824487,True
RS,70.18185847538814,3.0639404686559857,True
RS,100.0,4.559449707454823,True
RS,100.0,4.559449707454823,True
RS,100.0,4.559449707454823,True
RS,100.0,4.559449707454823,True
RS,100.0,4.559449707454823,True
RS,50.156412317992505,2.0595774128721573,True
RS,100.0,4.559449707454823,True
RS,100.0,4.559449707454823,True
RS,76.6348343335102,3.3875852204793646,True
RS,100.0,4.559449707454823,True
RS,100.0,4.559449707454823,True
RS,100.0,4.559449707454823,True
RS,83.81096087889804,3.7474991184853472,True
RS,100.0,4.559449707454823,True
RS,100.0,4.559449707454823,True
RS,100.0,4.559449707454823,True
RS,100.0,4.559449707454823,True
RS,100.0,4.559449707454823,True
RS,100.0,4.559449707454823,True
RS,50.00871994974256,2.052169999467953,True
RS,100.0,4.559449707454823,True
RS,56.25864319005211,2.36563078105126,True
RS,100.0,4.559449707454823,True
RS,90.18531552860455,4.067200675409945,True
RS,51.63538664840264,2.1337543958088383,True
RS,100.0,4.559449707454823,True
RS,54.159538246028774,2.2603515558385117,True
RS,100.0,4.559449707454823,True
RS,49.789457329883604,2.041173027257205,True
SC,100.0,7.075318481429823,True
SC,74.86568482662695,5.188843535280424,True
SC,100.0,7.075318481429823,True
SC,55.653119948922914,3.7468300153952683,True
SC,100.0,7.075318481429823,True
SC,100.0,7.075318481429823,True
SC,100.0,7.075318481429823,True
SC,44.151427508059754,2.8835618309097613,True
SC,78.49737540398422,5.46142280545721,True
SC,100.0,7.075318481429823,True
SC,52.7580340348935,3.5295371627317365,True
SC,49.73315971803237,3.3025029437905125,True
SC,100.0,7.075318481429823,True
SC,47.86614727640176,3.1623729195192887,True
SC,63.92875069943423,4.367963711170757,True
SC,100.0,7.075318481429823,True
SC,75.9945466075911,5.273571106044337,True
SC,100.0,7.075318481429823,True
SC,62.5416777090715,4.263855903707123,True
SC,80.76507479271619,5.631626690175469,True
SC,36.96263510983865,2.3440016058243285,True
SC,100.0,7.075318481429823,True
SC,48.627182002408944,3.219492953777598,True
SC,35.730023593443775,2.251487020566102,True
SE,100.0,4.59803017068361,True
SE,100.0,4.59803017068361,True
SE,100.0,4.59803017068361,True
SE,100.0,4.59803017068361,True
SE,100.0,4.59803017068361,True
SE,100.0,4.59803017068361,True
SE,100.0,4.59803017068361,True
SE,82.98887921918457,3.7238046401129155,True
SE,59.82166621633519,2.5332088328042426,True
SE,55.335867796636315,2.302677314392059,True
SE,51.5211493886277,2.1066335458956207,True
SE,68.4276565614562,2.975482835351713,True
SE,100.0,4.59803017068361,True
SE,89.17243814726463,4.041586469680103,True
SE,68.20926169235693,2.9642592144761535,True
SE,62.671618547512644,2.6796719095719195,True
SE,100.0,4.59803017068361,True
SE,100.0,4.59803017068361,True
SE,58.929330478555705,2.4873504385303487,True
SE,79.4487927217301,3.5418745935051965,True
SP,100.0,3.448585350726246,True
SP,100.0,3.448585350726246,True
SP,100.0,3.448585350726246,True
SP,100.0,3.448585350726246,True
SP,100.0,3.448585350726246,True
SP,100.0,3.448585350726246,True
SP,100.0,3.448585350726246,True
SP,100.0,3.448585350726246,True
SP,100.0,3.448585350726246,True
SP,100.0,3.448585350726246,True
SP,100.0,3.448585350726246,True
SP,100.0,3.448585350726246,True
SP,100.0,3.448585350726246,True
SP,100.0,3.448585350726246,True
SP,100.0,3.448585350726246,True
SP,77.63961571139318,2.574942404272573,True
SP,100.0,3.448585350726246,True
SP,95.47977489430055,3.271975560437924,True
SP,100.0,3.448585350726246,True
SP,100.0,3.448585350726246,True
SP,100.0,3.448585350726246,True
SP,100.0,3.448585350726246,True
SP,100.0,3.448585350726246,True
SP,100.0,3.448585350726246,True
SP,100.0,3.448585350726246,True
SP,100.0,3.448585350726246,True
SP,100.0,3.448585350726246,True
SP,100.0,3.448585350726246,True
SP,100.0,3.448585350726246,True
SP,100.0,3.448585350726246,True
SP,88.08966406256758,2.9832364172138046,True
SP,100.0,3.448585350726246,True
SP,100.0,3.448585350726246,True
SP,100.0,3.448585350726246,True
SP,100.0,3.448585350726246,True
SP,100.0,3.448585350726246,True
SP,100.0,3.448585350726246,True
SP,100.0,3.448585350726246,True
SP,100.0,3.448585350726246,True
SP,100.0,3.448585350726246,True
SP,100.0,3.448585350726246,True
SP,100.0,3.448585350726246,True
SP,100.0,3.448585350726246,True
SP,100.0,3.448585350726246,True
SP,100.0,3.448585350726246,True
SP,100.0,3.448585350726246,True
SP,100.0,3.448585350726246,True
SP,100.0,3.448585350726246,True
SP,66.63232211104535,2.144876252932394,True
SP,100.0,3.448585350726246,True
SP,71.8710569954566,2.3495589507355206,True
SP,100.0,3.448585350726246,True
SP,63.44675150132444,2.020412770655355,True
SP,100.0,3.448585350726246,True
SP,100.0,3.448585350726246,True
SP,100.0,3.448585350726246,True
SP,100.0,3.448585350726246,True
SP,100.0,3.448585350726246,True
SP,100.0,3.448585350726246,True
SP,100.0,3.448585350726246,True
SP,100.0,3.448585350726246,True
SP,100.0,3.448585350726246,True
SP,100.0,3.448585350726246,True
SP,100.0,3.448585350726246,True
SP,100.0,3.448585350726246,True
SP,100.0,3.448585350726246,True
SP,78.28744496053794,2.600253751641056,True
SP,63.123255460869764,2.0077734514781387,True
SP,100.0,3.448585350726246,True
SP,100.0,3.448585350726246,True
SP,100.0,3.448585350726246,True
SP,100.0,3.448585350726246,True
SP,100.0,3.448585350726246,True
TO,100.0,4.487367421628644,True
TO,100.0,4.487367421628644,True
TO,100.0,4.487367421628644,True
TO,91.25888212131088,4.054781987658535,True
TO,100.0,4.487367421628644,True
TO,100.0,4.487367421628644,True
TO,100.0,4.487367421628644,True
TO,100.0,4.487367421628644,True
TO,100.0,4.487367421628644,True
TO,100.0,4.487367421628644,True
TO,100.0,4.487367421628644,True
TO,100.0,4.487367421628644,True
TO,100.0,4.487367421628644,True
TO,100.0,4.487367421628644,True
TO,100.0,4.487367421628644,True
TO,100.0,4.487367421628644,True
TO,100.0,4.487367421628644,True
TO,100.0,4.487367421628644,True
TO,87.2467024952114,3.8562249508116007,True
TO,57.76391416284669,2.397163883062048,True
TO,100.0,4.487367421628644,True
TO,100.0,4.487367421628644,True
TO,56.085260725908626,2.314089723031138,True
